,repository_name,language
0,.github,
1,aegisthus,Java
2,af_tsa,C
3,aminator,Python
4,archaius,Java
5,asgard,Groovy
6,astyanax,Java
7,atlas,Scala
8,atlas-docs,Python
9,aws-autoscaling,Shell
10,awsobjectmapper,Groovy
11,batch_request_api,Ruby
12,batch_request_client,Ruby
13,bbparse,C
14,bettertls,Go
15,blesk,JavaScript
16,bless,Python
17,blitz4j,Java
18,bpftop,C
19,brutal,Python
20,cachemover,C++
21,CassJMeter,Java
22,chaosmonkey,Go
23,Cloud-Prize,
24,clove,Python
25,codec_compare,Python
26,concurrency-limits,Java
27,conductor,Java
28,conductor-community,Java
29,conductor-docs,Python
